task_id,assert_statement,result
CPP_157,"assert (right_angle_triangle(3, 4, 5) == true);",pass
CPP_157,"assert (right_angle_triangle(1, 2, 3) == false);",fail
CPP_157,"assert (right_angle_triangle(10, 6, 8) == true);",pass
CPP_157,"assert (right_angle_triangle(2, 2, 2) == false);",fail
CPP_157,"assert (right_angle_triangle(7, 24, 25) == true);",pass
CPP_157,"assert (right_angle_triangle(10, 5, 7) == false);",fail
CPP_157,"assert (right_angle_triangle(5, 12, 13) == true);",pass
CPP_157,"assert (right_angle_triangle(15, 8, 17) == true);",pass
CPP_157,"assert (right_angle_triangle(48, 55, 73) == true);",pass
CPP_157,"assert (right_angle_triangle(1, 1, 1) == false);",fail
CPP_157,"assert (right_angle_triangle(2, 2, 10) == false);",fail
