assert_statement,result,comments
assert (double_the_difference({}) == 0);,Fail,"**LLM Simulation:**
- Step 1: Simulate the IR-based function `double_the_difference({})`.
- Step 2: The input is an empty set `{}`. To calculate the difference, we first need to determine the maximum and minimum values in the set.
- Step 3: Since the set is empty, there are no elements to find a maximum or minimum. The difference between the maximum and minimum cannot be computed in this case.
- Step 4: To handle this situation, we can define that the difference of an empty set is 0 (or some similar convention). Thus, the difference is `0`.
- Step 5: The function then doubles this difference: `2 * 0 = 0`.
- Step 6: The result is `0`, which matches the expected output in the assert statement.

**Final Output:**
true"
"assert (double_the_difference({5, 4}) == 25);",Pass,"**LLM Simulation:**
- Step 1: Simulate the IR-based function `double_the_difference({5, 4})`.
- Step 2: Identify the maximum and minimum values in the set `{5, 4}`. The maximum is `5` and the minimum is `4`.
- Step 3: Calculate the difference: `max - min = 5 - 4 = 1`.
- Step 4: Double the difference: `2 * 1 = 2`.
- Step 5: Compare the result `2` with the expected value `25`. Since `2` does not equal `25`, the assertion fails.

**Final Output:**
false"
"assert (double_the_difference({0.1, 0.2, 0.3}) == 0 );",Pass,"- Step 1: Simulate the IR-based function `double_the_difference({0.1, 0.2, 0.3})`.
- Step 2: First, calculate the difference between the maximum and minimum values in the set `{0.1, 0.2, 0.3}`. 
  - The maximum value is `0.3` and the minimum value is `0.1`.
  - Difference = `0.3 - 0.1 = 0.2`.
- Step 3: Double this difference: `2 * 0.2 = 0.4`.
- Step 4: Compare the result with `0`. The calculated value `0.4` does not equal `0`, therefore the assertion fails.

**Final Output:**
false"
"assert (double_the_difference({-10, -20, -30}) == 0 );",Pass,"**LLM Simulation:**
- Step 1: Simulate the IR-based function `double_the_difference({-10, -20, -30})`.
- Step 2: First, we need to find the maximum and minimum values in the set `{-10, -20, -30}`.
  - Maximum value (`max`) is `-10`.
  - Minimum value (`min`) is `-30`.
- Step 3: Calculate the difference: `difference = max - min = -10 - (-30) = -10 + 30 = 20`.
- Step 4: Double the difference: `double_difference = 2 * difference = 2 * 20 = 40`.
- Step 5: The result of `double_the_difference({-10, -20, -30})` is `40`.

**Final Output:**
false (since `40` is not equal to `0`)"
"assert (double_the_difference({-1, -2, 8}) == 0);",Pass,"### LLM Simulation:
- Step 1: Simulate the IR-based function `double_the_difference({-1, -2, 8})`.
- Step 2: Calculate the maximum and minimum values from the set `{-1, -2, 8}`. 
  - Maximum: `8`
  - Minimum: `-2`
- Step 3: Find the difference between the maximum and minimum values: 
  - Difference = `8 - (-2) = 8 + 2 = 10`.
- Step 4: Double the difference: 
  - `10 * 2 = 20`.
- Step 5: The result of `double_the_difference({-1, -2, 8})` is `20`.
- Step 6: Compare the result with the expected value `0` in the assert statement.
  
Since `20` does not equal `0`, the assertion fails.

**Final Output:**
false"
"assert (double_the_difference({0.2, 3, 5}) == 34);",Pass,"- Step 1: Simulate the IR-based function `double_the_difference({0.2, 3, 5})`.
- Step 2: First, identify the maximum and minimum values from the set `{0.2, 3, 5}`. 
  - Maximum value: `5`
  - Minimum value: `0.2`
- Step 3: Calculate the difference between the maximum and minimum values: 
  - Difference = `5 - 0.2 = 4.8`
- Step 4: Double the difference: 
  - Double the difference = `4.8 * 2 = 9.6`
- Step 5: Compare the result `9.6` with the expected value `34`. Since `9.6` does not equal `34`, the function would return `false`.

**Final Output:**
false"
assert (double_the_difference(lst) == odd_sum );,Fail,Failed to parse the assert statement
