CPP_number,Overall_Result
CPP_0,Fail
CPP_1,Fail
CPP_2,Pass
CPP_3,Pass
CPP_4,Pass
CPP_5,Pass
CPP_6,Pass
CPP_7,Fail
CPP_8,Pass
CPP_9,Pass
CPP_10,Fail
CPP_11,Pass
CPP_12,Pass
CPP_13,Pass
CPP_14,Fail
CPP_15,Fail
CPP_16,Pass
CPP_17,Fail
CPP_18,Pass
CPP_19,Fail
CPP_20,Fail
CPP_21,Fail
CPP_22,Fail
CPP_23,Pass
CPP_24,Pass
CPP_25,Pass
CPP_26,Fail
CPP_27,Pass
CPP_28,Pass
CPP_29,Fail
CPP_30,Pass
CPP_31,Pass
CPP_32,Fail
CPP_33,Fail
CPP_34,Fail
CPP_35,Pass
CPP_36,Pass
CPP_37,Fail
CPP_38,Fail
CPP_39,Fail
CPP_40,Pass
CPP_41,Pass
CPP_42,Pass
CPP_43,Pass
CPP_44,Fail
CPP_45,Fail
CPP_46,Pass
CPP_47,Fail
CPP_48,Fail
CPP_49,Fail
CPP_50,Fail
CPP_51,Fail
CPP_52,Pass
CPP_53,Pass
CPP_54,Fail
CPP_55,Pass
CPP_56,Fail
CPP_57,Fail
CPP_58,Fail
CPP_59,Pass
CPP_60,Fail
CPP_61,Fail
CPP_62,Pass
CPP_63,Pass
CPP_64,Pass
CPP_65,Fail
CPP_66,Pass
CPP_67,Fail
CPP_68,Fail
CPP_69,Fail
CPP_70,Fail
CPP_71,Fail
CPP_72,Pass
CPP_73,Pass
CPP_74,Fail
CPP_75,Fail
CPP_76,Pass
CPP_77,Fail
CPP_78,Fail
CPP_79,Fail
CPP_80,Fail
CPP_81,Fail
CPP_82,Fail
CPP_83,Pass
CPP_84,Fail
CPP_85,Fail
CPP_86,Fail
CPP_87,Fail
CPP_88,Fail
CPP_89,Pass
CPP_90,Fail
CPP_91,Pass
CPP_92,Pass
CPP_93,Fail
CPP_94,Fail
CPP_95,Fail
CPP_96,Pass
CPP_97,Fail
CPP_98,Fail
CPP_99,Pass
CPP_100,Pass
CPP_101,Fail
CPP_102,Pass
CPP_103,Fail
CPP_104,Fail
CPP_105,Fail
CPP_106,Pass
CPP_107,Fail
CPP_108,Pass
CPP_109,Pass
CPP_110,Fail
CPP_111,Fail
CPP_112,Fail
CPP_113,Fail
CPP_114,Pass
CPP_115,Pass
CPP_116,Fail
CPP_117,Fail
CPP_118,Fail
CPP_119,Fail
CPP_120,Fail
CPP_121,Pass
CPP_122,Fail
CPP_123,Fail
CPP_124,Fail
CPP_125,Fail
CPP_126,Fail
CPP_127,Fail
CPP_128,Pass
CPP_129,Fail
CPP_130,Pass
CPP_131,Pass
CPP_132,Pass
CPP_133,Fail
CPP_134,Fail
CPP_135,Pass
CPP_136,Fail
CPP_137,Fail
CPP_138,Fail
CPP_139,Pass
CPP_140,Fail
CPP_141,Fail
CPP_142,Fail
CPP_143,Fail
CPP_144,Fail
CPP_145,Fail
CPP_146,Pass
CPP_147,Fail
CPP_148,Fail
CPP_149,Fail
CPP_150,Pass
CPP_151,Pass
CPP_152,Pass
CPP_153,Fail
CPP_154,Fail
CPP_155,Fail
CPP_156,Fail
CPP_157,Pass
CPP_158,Fail
CPP_159,Pass
CPP_160,Fail
CPP_161,Fail
CPP_162,Fail
CPP_163,Fail

Total Pass,63
Total Fail,101
Total N/A,0
